provider,instance_type
aws,a1.medium
aws,a1.large
aws,a1.xlarge
aws,a1.2xlarge
aws,a1.4xlarge
aws,a1.metal
aws,c1.medium
aws,c1.xlarge
aws,c3.large
aws,c3.xlarge
aws,c3.2xlarge
aws,c3.4xlarge
aws,c3.8xlarge
aws,c4.large
aws,c4.large.elasticsearch
aws,c4.xlarge
aws,c4.xlarge.elasticsearch
aws,c4.2xlarge
aws,c4.2xlarge.elasticsearch
aws,c4.4xlarge
aws,c4.4xlarge.elasticsearch
aws,c4.8xlarge
aws,c4.8xlarge.elasticsearch
aws,c5.large
aws,c5.large.elasticsearch
aws,c5.xlarge
aws,c5.xlarge.elasticsearch
aws,c5.2xlarge
aws,c5.2xlarge.elasticsearch
aws,c5.4xlarge
aws,c5.4xlarge.elasticsearch
aws,c5.9xlarge
aws,c5.9xlarge.elasticsearch
aws,c5.12xlarge
aws,c5.18xlarge
aws,c5.18xlarge.elasticsearch
aws,c5.24xlarge
aws,c5.metal
aws,c5a.large
aws,c5a.xlarge
aws,c5a.2xlarge
aws,c5a.4xlarge
aws,c5a.8xlarge
aws,c5a.12xlarge
aws,c5a.16xlarge
aws,c5a.24xlarge
aws,c5ad.large
aws,c5ad.xlarge
aws,c5ad.2xlarge
aws,c5ad.4xlarge
aws,c5ad.8xlarge
aws,c5ad.12xlarge
aws,c5ad.16xlarge
aws,c5ad.24xlarge
aws,c5d.large
aws,c5d.xlarge
aws,c5d.2xlarge
aws,c5d.4xlarge
aws,c5d.9xlarge
aws,c5d.12xlarge
aws,c5d.18xlarge
aws,c5d.24xlarge
aws,c5d.metal
aws,c5n.large
aws,c5n.xlarge
aws,c5n.2xlarge
aws,c5n.4xlarge
aws,c5n.9xlarge
aws,c5n.18xlarge
aws,c5n.metal
aws,c6a.large
aws,c6a.xlarge
aws,c6a.2xlarge
aws,c6a.4xlarge
aws,c6a.8xlarge
aws,c6a.12xlarge
aws,c6a.16xlarge
aws,c6a.24xlarge
aws,c6a.32xlarge
aws,c6a.48xlarge
aws,c6a.metal
aws,c6g.medium
aws,c6g.large
aws,c6g.large.elasticsearch
aws,c6g.xlarge
aws,c6g.xlarge.elasticsearch
aws,c6g.2xlarge
aws,c6g.2xlarge.elasticsearch
aws,c6g.4xlarge
aws,c6g.4xlarge.elasticsearch
aws,c6g.8xlarge
aws,c6g.8xlarge.elasticsearch
aws,c6g.12xlarge
aws,c6g.12xlarge.elasticsearch
aws,c6g.16xlarge
aws,c6g.metal
aws,c6gd.medium
aws,c6gd.large
aws,c6gd.xlarge
aws,c6gd.2xlarge
aws,c6gd.4xlarge
aws,c6gd.8xlarge
aws,c6gd.12xlarge
aws,c6gd.16xlarge
aws,c6gd.metal
aws,c6gn.medium
aws,c6gn.large
aws,c6gn.xlarge
aws,c6gn.2xlarge
aws,c6gn.4xlarge
aws,c6gn.8xlarge
aws,c6gn.12xlarge
aws,c6gn.16xlarge
aws,c6i.large
aws,c6i.xlarge
aws,c6i.2xlarge
aws,c6i.4xlarge
aws,c6i.8xlarge
aws,c6i.12xlarge
aws,c6i.16xlarge
aws,c6i.24xlarge
aws,c6i.32xlarge
aws,c6i.metal
aws,c6id.large
aws,c6id.xlarge
aws,c6id.2xlarge
aws,c6id.4xlarge
aws,c6id.8xlarge
aws,c6id.12xlarge
aws,c6id.16xlarge
aws,c6id.24xlarge
aws,c6id.32xlarge
aws,c6id.metal
aws,c6in.large
aws,c6in.xlarge
aws,c6in.2xlarge
aws,c6in.4xlarge
aws,c6in.8xlarge
aws,c6in.12xlarge
aws,c6in.16xlarge
aws,c6in.24xlarge
aws,c6in.32xlarge
aws,c6in.metal
aws,c7a.medium
aws,c7a.large
aws,c7a.xlarge
aws,c7a.2xlarge
aws,c7a.4xlarge
aws,c7a.8xlarge
aws,c7a.12xlarge
aws,c7a.16xlarge
aws,c7a.24xlarge
aws,c7a.32xlarge
aws,c7a.48xlarge
aws,c7a.metal-48xl
aws,c7g.medium
aws,c7g.large
aws,c7g.xlarge
aws,c7g.2xlarge
aws,c7g.4xlarge
aws,c7g.8xlarge
aws,c7g.12xlarge
aws,c7g.16xlarge
aws,c7g.metal
aws,c7gd.medium
aws,c7gd.large
aws,c7gd.xlarge
aws,c7gd.2xlarge
aws,c7gd.4xlarge
aws,c7gd.8xlarge
aws,c7gd.12xlarge
aws,c7gd.16xlarge
aws,c7gn.medium
aws,c7gn.large
aws,c7gn.xlarge
aws,c7gn.2xlarge
aws,c7gn.4xlarge
aws,c7gn.8xlarge
aws,c7gn.12xlarge
aws,c7gn.16xlarge
aws,c7i.large
aws,c7i.xlarge
aws,c7i.2xlarge
aws,c7i.4xlarge
aws,c7i.8xlarge
aws,c7i.12xlarge
aws,c7i.16xlarge
aws,c7i.24xlarge
aws,c7i.48xlarge
aws,cc2.8xlarge
aws,cr1.8xlarge
aws,d2.xlarge
aws,d2.2xlarge
aws,d2.4xlarge
aws,d2.8xlarge
aws,d3.xlarge
aws,d3.2xlarge
aws,d3.4xlarge
aws,d3.8xlarge
aws,d3en.xlarge
aws,d3en.2xlarge
aws,d3en.4xlarge
aws,d3en.6xlarge
aws,d3en.8xlarge
aws,d3en.12xlarge
aws,dc2.large
aws,dc2.8xlarge
aws,dl1.24xlarge
aws,ds2.xlarge
aws,ds2.8xlarge
aws,f1.2xlarge
aws,f1.4xlarge
aws,f1.16xlarge
aws,g2.2xlarge
aws,g2.8xlarge
aws,g3.4xlarge
aws,g3.8xlarge
aws,g3.16xlarge
aws,g3s.xlarge
aws,g4ad.xlarge
aws,g4ad.2xlarge
aws,g4ad.4xlarge
aws,g4ad.8xlarge
aws,g4ad.16xlarge
aws,g4dn.xlarge
aws,g4dn.2xlarge
aws,g4dn.4xlarge
aws,g4dn.8xlarge
aws,g4dn.12xlarge
aws,g4dn.16xlarge
aws,g4dn.metal
aws,g5.xlarge
aws,g5.2xlarge
aws,g5.4xlarge
aws,g5.8xlarge
aws,g5.12xlarge
aws,g5.16xlarge
aws,g5.24xlarge
aws,g5.48xlarge
aws,g6.xlarge
aws,g6.2xlarge
aws,g6.4xlarge
aws,g6.8xlarge
aws,g6.16xlarge
aws,g6.12xlarge
aws,g6.24xlarge
aws,g6.48xlarge
aws,g6e.xlarge
aws,g6e.2xlarge
aws,g6e.4xlarge
aws,g6e.8xlarge
aws,g6e.16xlarge
aws,g6e.12xlarge
aws,g6e.24xlarge
aws,g6e.48xlarge
aws,gr6.4xlarge
aws,gr6.8xlarge
aws,g5g.xlarge
aws,g5g.2xlarge
aws,g5g.4xlarge
aws,g5g.8xlarge
aws,g5g.16xlarge
aws,g5g.metal
aws,h1.2xlarge
aws,h1.4xlarge
aws,h1.8xlarge
aws,h1.16xlarge
aws,hpc7g.4xlarge
aws,hpc7g.8xlarge
aws,hpc7g.16xlarge
aws,hs1.8xlarge
aws,i2.large
aws,i2.xlarge
aws,i2.xlarge.elasticsearch
aws,i2.2xlarge
aws,i2.2xlarge.elasticsearch
aws,i2.4xlarge
aws,i2.8xlarge
aws,i3.large
aws,i3.large.elasticsearch
aws,i3.xlarge
aws,i3.xlarge.elasticsearch
aws,i3.2xlarge
aws,i3.2xlarge.elasticsearch
aws,i3.4xlarge
aws,i3.4xlarge.elasticsearch
aws,i3.8xlarge
aws,i3.8xlarge.elasticsearch
aws,i3.16xlarge
aws,i3.16xlarge.elasticsearch
aws,i3.metal
aws,i3en.large
aws,i3en.xlarge
aws,i3en.2xlarge
aws,i3en.3xlarge
aws,i3en.6xlarge
aws,i3en.12xlarge
aws,i3en.24xlarge
aws,i3en.metal
aws,i4g.large
aws,i4g.xlarge
aws,i4g.2xlarge
aws,i4g.4xlarge
aws,i4g.8xlarge
aws,i4g.16xlarge
aws,i4i.large
aws,i4i.xlarge
aws,i4i.2xlarge
aws,i4i.4xlarge
aws,i4i.8xlarge
aws,i4i.16xlarge
aws,i4i.32xlarge
aws,i4i.metal
aws,im4gn.large
aws,im4gn.xlarge
aws,im4gn.2xlarge
aws,im4gn.4xlarge
aws,im4gn.8xlarge
aws,im4gn.16xlarge
aws,inf1.xlarge
aws,inf1.2xlarge
aws,inf1.6xlarge
aws,inf1.24xlarge
aws,inf2.xlarge
aws,inf2.8xlarge
aws,inf2.24xlarge
aws,inf2.48xlarge
aws,is4gen.medium
aws,is4gen.large
aws,is4gen.xlarge
aws,is4gen.2xlarge
aws,is4gen.4xlarge
aws,is4gen.8xlarge
aws,db.m1.medium
aws,m1.medium
aws,db.m1.small
aws,m1.small
aws,db.m1.large
aws,m1.large
aws,db.m1.xlarge
aws,m1.xlarge
aws,db.m2.xlarge
aws,m2.xlarge
aws,db.m2.2xlarge
aws,m2.2xlarge
aws,db.m2.4xlarge
aws,m2.4xlarge
aws,cache.m3.medium
aws,db.m3.medium
aws,m3.medium
aws,m3.medium.elasticsearch
aws,db.m3.large
aws,m3.large
aws,m3.large.elasticsearch
aws,db.m3.xlarge
aws,m3.xlarge
aws,m3.xlarge.elasticsearch
aws,db.m3.2xlarge
aws,m3.2xlarge
aws,m3.2xlarge.elasticsearch
aws,cache.m4.large
aws,db.m4.large
aws,m4.large
aws,m4.large.elasticsearch
aws,cache.m4.xlarge
aws,db.m4.xlarge
aws,m4.xlarge
aws,m4.xlarge.elasticsearch
aws,cache.m4.2xlarge
aws,db.m4.2xlarge
aws,m4.2xlarge
aws,m4.2xlarge.elasticsearch
aws,cache.m4.4xlarge
aws,db.m4.4xlarge
aws,m4.4xlarge
aws,m4.4xlarge.elasticsearch
aws,cache.m4.10xlarge
aws,db.m4.10xlarge
aws,m4.10xlarge
aws,m4.10xlarge.elasticsearch
aws,db.m4.16xlarge
aws,m4.16xlarge
aws,m5.large
aws,cache.m5.large
aws,db.m5.large
aws,m5.large.elasticsearch
aws,m5.xlarge
aws,cache.m5.xlarge
aws,db.m5.xlarge
aws,m5.xlarge.elasticsearch
aws,m5.2xlarge
aws,cache.m5.2xlarge
aws,db.m5.2xlarge
aws,m5.2xlarge.elasticsearch
aws,m5.4xlarge
aws,cache.m5.4xlarge
aws,db.m5.4xlarge
aws,m5.4xlarge.elasticsearch
aws,db.m5.8xlarge
aws,m5.8xlarge
aws,m5.12xlarge
aws,cache.m5.12xlarge
aws,db.m5.12xlarge
aws,m5.12xlarge.elasticsearch
aws,m5.16xlarge
aws,db.m5.16xlarge
aws,m5.24xlarge
aws,cache.m5.24xlarge
aws,db.m5.24xlarge
aws,m5.metal
aws,m5a.large
aws,m5a.xlarge
aws,m5a.2xlarge
aws,m5a.4xlarge
aws,m5a.8xlarge
aws,m5a.12xlarge
aws,m5a.16xlarge
aws,m5a.24xlarge
aws,m5ad.large
aws,m5ad.xlarge
aws,m5ad.2xlarge
aws,m5ad.4xlarge
aws,m5ad.8xlarge
aws,m5ad.12xlarge
aws,m5ad.16xlarge
aws,m5ad.24xlarge
aws,m5d.large
aws,m5d.xlarge
aws,m5d.2xlarge
aws,m5d.4xlarge
aws,m5d.8xlarge
aws,m5d.12xlarge
aws,m5d.16xlarge
aws,m5d.24xlarge
aws,m5d.metal
aws,m5dn.large
aws,m5dn.xlarge
aws,m5dn.2xlarge
aws,m5dn.4xlarge
aws,m5dn.8xlarge
aws,m5dn.12xlarge
aws,m5dn.16xlarge
aws,m5dn.24xlarge
aws,m5dn.metal
aws,m5n.large
aws,m5n.xlarge
aws,m5n.2xlarge
aws,m5n.4xlarge
aws,m5n.8xlarge
aws,m5n.12xlarge
aws,m5n.16xlarge
aws,m5n.24xlarge
aws,m5n.metal
aws,m5zn.large
aws,m5zn.xlarge
aws,m5zn.2xlarge
aws,m5zn.3xlarge
aws,m5zn.6xlarge
aws,m5zn.12xlarge
aws,m5zn.metal
aws,m6a.large
aws,m6a.xlarge
aws,m6a.2xlarge
aws,m6a.4xlarge
aws,m6a.8xlarge
aws,m6a.12xlarge
aws,m6a.16xlarge
aws,m6a.24xlarge
aws,m6a.32xlarge
aws,m6a.48xlarge
aws,m6a.metal
aws,m6g.medium
aws,cache.m6g.large
aws,db.m6g.large
aws,m6g.large
aws,m6g.large.elasticsearch
aws,cache.m6g.xlarge
aws,db.m6g.xlarge
aws,m6g.xlarge
aws,m6g.xlarge.elasticsearch
aws,cache.m6g.2xlarge
aws,db.m6g.2xlarge
aws,m6g.2xlarge
aws,m6g.2xlarge.elasticsearch
aws,cache.m6g.4xlarge
aws,db.m6g.4xlarge
aws,m6g.4xlarge
aws,m6g.4xlarge.elasticsearch
aws,cache.m6g.8xlarge
aws,db.m6g.8xlarge
aws,m6g.8xlarge
aws,m6g.8xlarge.elasticsearch
aws,cache.m6g.12xlarge
aws,db.m6g.12xlarge
aws,m6g.12xlarge
aws,m6g.12xlarge.elasticsearch
aws,cache.m6g.16xlarge
aws,db.m6g.16xlarge
aws,m6g.16xlarge
aws,m6g.metal
aws,m6gd.medium
aws,m6gd.large
aws,m6gd.xlarge
aws,m6gd.2xlarge
aws,m6gd.4xlarge
aws,m6gd.8xlarge
aws,m6gd.12xlarge
aws,m6gd.16xlarge
aws,m6gd.metal
aws,m6i.large
aws,m6i.xlarge
aws,m6i.2xlarge
aws,m6i.4xlarge
aws,m6i.8xlarge
aws,m6i.12xlarge
aws,m6i.16xlarge
aws,m6i.24xlarge
aws,m6i.32xlarge
aws,m6i.metal
aws,m6id.large
aws,m6id.xlarge
aws,m6id.2xlarge
aws,m6id.4xlarge
aws,m6id.8xlarge
aws,m6id.12xlarge
aws,m6id.16xlarge
aws,m6id.24xlarge
aws,m6id.32xlarge
aws,m6id.metal
aws,m6idn.large
aws,m6idn.xlarge
aws,m6idn.2xlarge
aws,m6idn.4xlarge
aws,m6idn.8xlarge
aws,m6idn.12xlarge
aws,m6idn.16xlarge
aws,m6idn.24xlarge
aws,m6idn.32xlarge
aws,m6idn.metal
aws,m6in.large
aws,m6in.xlarge
aws,m6in.2xlarge
aws,m6in.4xlarge
aws,m6in.8xlarge
aws,m6in.12xlarge
aws,m6in.16xlarge
aws,m6in.24xlarge
aws,m6in.32xlarge
aws,m6in.metal
aws,m7a.medium
aws,m7a.large
aws,m7a.xlarge
aws,m7a.2xlarge
aws,m7a.4xlarge
aws,m7a.8xlarge
aws,m7a.12xlarge
aws,m7a.16xlarge
aws,m7a.24xlarge
aws,m7a.32xlarge
aws,m7a.48xlarge
aws,m7a.metal-48xl
aws,m7g.medium
aws,m7g.large
aws,m7g.xlarge
aws,m7g.2xlarge
aws,m7g.4xlarge
aws,m7g.8xlarge
aws,m7g.12xlarge
aws,m7g.16xlarge
aws,m7g.metal
aws,m7gd.medium
aws,m7gd.large
aws,m7gd.xlarge
aws,m7gd.2xlarge
aws,m7gd.4xlarge
aws,m7gd.8xlarge
aws,m7gd.12xlarge
aws,m7gd.16xlarge
aws,m7i.large
aws,m7i.xlarge
aws,m7i.2xlarge
aws,m7i.4xlarge
aws,m7i.8xlarge
aws,m7i.12xlarge
aws,m7i.16xlarge
aws,m7i.24xlarge
aws,m7i.48xlarge
aws,m7i-flex.large
aws,m7i-flex.xlarge
aws,m7i-flex.2xlarge
aws,m7i-flex.4xlarge
aws,m7i-flex.8xlarge
aws,mac1.metal
aws,mac2.metal
aws,p2.xlarge
aws,p2.8xlarge
aws,p2.16xlarge
aws,p3.2xlarge
aws,p3.8xlarge
aws,p3.16xlarge
aws,p3dn.24xlarge
aws,p4d.24xlarge
aws,p4de.24xlarge
aws,p5.48xlarge
aws,db.r3.large
aws,r3.large
aws,r3.large.elasticsearch
aws,db.r3.xlarge
aws,r3.xlarge
aws,r3.xlarge.elasticsearch
aws,cache.r3.2xlarge
aws,db.r3.2xlarge
aws,r3.2xlarge
aws,r3.2xlarge.elasticsearch
aws,db.r3.4xlarge
aws,r3.4xlarge
aws,r3.4xlarge.elasticsearch
aws,db.r3.8xlarge
aws,r3.8xlarge
aws,r3.8xlarge.elasticsearch
aws,cache.r4.large
aws,db.r4.large
aws,r4.large
aws,r4.large.elasticsearch
aws,cache.r4.xlarge
aws,db.r4.xlarge
aws,r4.xlarge
aws,r4.xlarge.elasticsearch
aws,cache.r4.2xlarge
aws,db.r4.2xlarge
aws,r4.2xlarge
aws,r4.2xlarge.elasticsearch
aws,cache.r4.4xlarge
aws,db.r4.4xlarge
aws,r4.4xlarge
aws,r4.4xlarge.elasticsearch
aws,cache.r4.8xlarge
aws,db.r4.8xlarge
aws,r4.8xlarge
aws,r4.8xlarge.elasticsearch
aws,cache.r4.16xlarge
aws,db.r4.16xlarge
aws,r4.16xlarge
aws,r4.16xlarge.elasticsearch
aws,cache.r5.large
aws,db.r5.large
aws,r5.large
aws,r5.large.elasticsearch
aws,cache.r5.xlarge
aws,db.r5.xlarge
aws,r5.xlarge
aws,r5.xlarge.elasticsearch
aws,cache.r5.2xlarge
aws,db.r5.2xlarge
aws,r5.2xlarge
aws,r5.2xlarge.elasticsearch
aws,cache.r5.4xlarge
aws,db.r5.4xlarge
aws,r5.4xlarge
aws,r5.4xlarge.elasticsearch
aws,db.r5.8xlarge
aws,r5.8xlarge
aws,cache.r5.12xlarge
aws,db.r5.12xlarge
aws,r5.12xlarge
aws,r5.12xlarge.elasticsearch
aws,db.r5.16xlarge
aws,r5.16xlarge
aws,cache.r5.24xlarge
aws,db.r5.24xlarge
aws,r5.24xlarge
aws,r5.metal
aws,r5a.large
aws,r5a.xlarge
aws,r5a.2xlarge
aws,r5a.4xlarge
aws,r5a.8xlarge
aws,r5a.12xlarge
aws,r5a.16xlarge
aws,r5a.24xlarge
aws,r5ad.large
aws,r5ad.xlarge
aws,r5ad.2xlarge
aws,r5ad.4xlarge
aws,r5ad.8xlarge
aws,r5ad.12xlarge
aws,r5ad.16xlarge
aws,r5ad.24xlarge
aws,r5b.large
aws,r5b.xlarge
aws,r5b.2xlarge
aws,r5b.4xlarge
aws,r5b.8xlarge
aws,r5b.12xlarge
aws,r5b.16xlarge
aws,r5b.24xlarge
aws,r5b.metal
aws,r5d.large
aws,r5d.xlarge
aws,r5d.2xlarge
aws,r5d.4xlarge
aws,r5d.8xlarge
aws,r5d.12xlarge
aws,r5d.16xlarge
aws,r5d.24xlarge
aws,r5d.metal
aws,r5dn.large
aws,r5dn.xlarge
aws,r5dn.2xlarge
aws,r5dn.4xlarge
aws,r5dn.8xlarge
aws,r5dn.12xlarge
aws,r5dn.16xlarge
aws,r5dn.24xlarge
aws,r5dn.metal
aws,r5n.large
aws,r5n.xlarge
aws,r5n.2xlarge
aws,r5n.4xlarge
aws,r5n.8xlarge
aws,r5n.12xlarge
aws,r5n.16xlarge
aws,r5n.24xlarge
aws,r5n.metal
aws,r6a.large
aws,r6a.xlarge
aws,r6a.2xlarge
aws,r6a.4xlarge
aws,r6a.8xlarge
aws,r6a.12xlarge
aws,r6a.16xlarge
aws,r6a.24xlarge
aws,r6a.32xlarge
aws,r6a.48xlarge
aws,r6a.metal
aws,r6g.medium
aws,cache.r6g.large
aws,db.r6g.large
aws,r6g.large
aws,r6g.large.elasticsearch
aws,cache.r6g.xlarge
aws,db.r6g.xlarge
aws,r6g.xlarge
aws,r6g.xlarge.elasticsearch
aws,cache.r6g.2xlarge
aws,db.r6g.2xlarge
aws,r6g.2xlarge
aws,r6g.2xlarge.elasticsearch
aws,cache.r6g.4xlarge
aws,db.r6g.4xlarge
aws,r6g.4xlarge
aws,r6g.4xlarge.elasticsearch
aws,cache.r6g.8xlarge
aws,r6g.8xlarge
aws,r6g.8xlarge.elasticsearch
aws,cache.r6g.12xlarge
aws,db.r6g.12xlarge
aws,r6g.12xlarge
aws,r6g.12xlarge.elasticsearch
aws,cache.r6g.16xlarge
aws,db.r6g.16xlarge
aws,r6g.16xlarge
aws,r6g.metal
aws,r6gd.medium
aws,r6gd.large
aws,r6gd.large.elasticsearch
aws,r6gd.xlarge
aws,r6gd.xlarge.elasticsearch
aws,r6gd.2xlarge
aws,r6gd.2xlarge.elasticsearch
aws,r6gd.4xlarge
aws,r6gd.4xlarge.elasticsearch
aws,r6gd.8xlarge
aws,r6gd.8xlarge.elasticsearch
aws,r6gd.12xlarge
aws,r6gd.12xlarge.elasticsearch
aws,r6gd.16xlarge
aws,r6gd.16xlarge.elasticsearch
aws,r6gd.metal
aws,r6i.large
aws,r6i.xlarge
aws,r6i.2xlarge
aws,r6i.4xlarge
aws,r6i.8xlarge
aws,r6i.12xlarge
aws,r6i.16xlarge
aws,r6i.24xlarge
aws,r6i.32xlarge
aws,r6i.metal
aws,r6id.large
aws,r6id.xlarge
aws,r6id.2xlarge
aws,r6id.4xlarge
aws,r6id.8xlarge
aws,r6id.12xlarge
aws,r6id.16xlarge
aws,r6id.24xlarge
aws,r6id.32xlarge
aws,r6id.metal
aws,r6idn.large
aws,r6idn.xlarge
aws,r6idn.2xlarge
aws,r6idn.4xlarge
aws,r6idn.8xlarge
aws,r6idn.12xlarge
aws,r6idn.16xlarge
aws,r6idn.24xlarge
aws,r6idn.32xlarge
aws,r6idn.metal
aws,r6in.large
aws,r6in.xlarge
aws,r6in.2xlarge
aws,r6in.4xlarge
aws,r6in.8xlarge
aws,r6in.12xlarge
aws,r6in.16xlarge
aws,r6in.24xlarge
aws,r6in.32xlarge
aws,r6in.metal
aws,r7a.medium
aws,r7a.large
aws,r7a.xlarge
aws,r7a.2xlarge
aws,r7a.4xlarge
aws,r7a.8xlarge
aws,r7a.12xlarge
aws,r7a.16xlarge
aws,r7a.24xlarge
aws,r7a.32xlarge
aws,r7a.48xlarge
aws,r7a.metal-48xl
aws,r7g.medium
aws,r7g.large
aws,r7g.xlarge
aws,r7g.2xlarge
aws,r7g.4xlarge
aws,r7g.8xlarge
aws,r7g.12xlarge
aws,r7g.16xlarge
aws,r7g.metal
aws,r7gd.medium
aws,r7gd.large
aws,r7gd.xlarge
aws,r7gd.2xlarge
aws,r7gd.4xlarge
aws,r7gd.8xlarge
aws,r7gd.12xlarge
aws,r7gd.16xlarge
aws,r7iz.large
aws,r7iz.xlarge
aws,r7iz.2xlarge
aws,r7iz.4xlarge
aws,r7iz.8xlarge
aws,r7iz.12xlarge
aws,r7iz.16xlarge
aws,r7iz.32xlarge
aws,ra3.4xlarge
aws,ra3.16xlarge
aws,t1.micro
aws,cache.t2.micro
aws,db.t2.micro
aws,cache.t2.small
aws,db.t2.small
aws,t2.micro
aws,t2.micro.elasticsearch
aws,t2.nano
aws,t2.small
aws,t2.small.elasticsearch
aws,db.t2.large
aws,cache.t2.medium
aws,db.t2.medium
aws,t2.large
aws,t2.medium
aws,t2.medium.elasticsearch
aws,db.t2.xlarge
aws,t2.xlarge
aws,db.t2.2xlarge
aws,t2.2xlarge
aws,db.t3.large
aws,t3.large
aws,cache.t3.medium
aws,db.t3.medium
aws,t3.medium
aws,t3.medium.elasticsearch
aws,cache.t3.micro
aws,db.t3.micro
aws,t3.micro
aws,t3.nano
aws,cache.t3.small
aws,db.t3.small
aws,t3.small
aws,t3.small.elasticsearch
aws,db.t3.xlarge
aws,t3.xlarge
aws,db.t3.2xlarge
aws,t3.2xlarge
aws,t3a.large
aws,t3a.medium
aws,t3a.micro
aws,t3a.nano
aws,t3a.small
aws,t3a.xlarge
aws,t3a.2xlarge
aws,t4g.large
aws,t4g.medium
aws,t4g.micro
aws,t4g.nano
aws,t4g.small
aws,t4g.xlarge
aws,t4g.2xlarge
aws,trn1.2xlarge
aws,trn1.32xlarge
aws,trn1n.32xlarge
aws,u-12tb1.112xlarge
aws,u-12tb1.metal
aws,u-18tb1.112xlarge
aws,u-18tb1.metal
aws,u-24tb1.112xlarge
aws,u-24tb1.metal
aws,u-3tb1.56xlarge
aws,u-6tb1.56xlarge
aws,u-6tb1.112xlarge
aws,u-6tb1.metal
aws,u-9tb1.112xlarge
aws,u-9tb1.metal
aws,vt1.3xlarge
aws,vt1.6xlarge
aws,vt1.24xlarge
aws,db.x1.16xlarge
aws,x1.16xlarge
aws,db.x1.32xlarge
aws,x1.32xlarge
aws,db.x1e.xlarge
aws,x1e.xlarge
aws,db.x1e.2xlarge
aws,x1e.2xlarge
aws,db.x1e.4xlarge
aws,x1e.4xlarge
aws,db.x1e.8xlarge
aws,x1e.8xlarge
aws,db.x1e.16xlarge
aws,x1e.16xlarge
aws,db.x1e.32xlarge
aws,x1e.32xlarge
aws,x2gd.medium
aws,x2gd.large
aws,x2gd.xlarge
aws,x2gd.2xlarge
aws,x2gd.4xlarge
aws,x2gd.8xlarge
aws,x2gd.12xlarge
aws,x2gd.16xlarge
aws,x2gd.metal
aws,x2idn.16xlarge
aws,x2idn.24xlarge
aws,x2idn.32xlarge
aws,x2idn.metal
aws,x2iedn.xlarge
aws,x2iedn.2xlarge
aws,x2iedn.4xlarge
aws,x2iedn.8xlarge
aws,x2iedn.16xlarge
aws,x2iedn.24xlarge
aws,x2iedn.32xlarge
aws,x2iedn.metal
aws,x2iezn.2xlarge
aws,x2iezn.4xlarge
aws,x2iezn.6xlarge
aws,x2iezn.8xlarge
aws,x2iezn.12xlarge
aws,x2iezn.metal
aws,db.z1d.large
aws,z1d.large
aws,db.z1d.xlarge
aws,z1d.xlarge
aws,db.z1d.2xlarge
aws,z1d.2xlarge
aws,db.z1d.3xlarge
aws,z1d.3xlarge
aws,db.z1d.6xlarge
aws,z1d.6xlarge
aws,db.z1d.12xlarge
aws,z1d.12xlarge
aws,z1d.metal
aws,c8g.medium
aws,c8g.large
aws,c8g.xlarge
aws,c8g.2xlarge
aws,c8g.4xlarge
aws,c8g.8xlarge
aws,c8g.12xlarge
aws,c8g.16xlarge
aws,c8g.24xlarge
aws,c8g.metal-24xl
aws,m8g.medium
aws,m8g.large
aws,m8g.xlarge
aws,m8g.2xlarge
aws,m8g.4xlarge
aws,m8g.8xlarge
aws,m8g.12xlarge
aws,m8g.16xlarge
aws,m8g.24xlarge
aws,m8g.metal-24xl
aws,r8g.medium
aws,r8g.large
aws,r8g.xlarge
aws,r8g.2xlarge
aws,r8g.4xlarge
aws,r8g.8xlarge
aws,r8g.12xlarge
aws,r8g.16xlarge
aws,r8g.24xlarge
aws,r8g.metal-24xl
aws,x8g.medium
aws,x8g.large
aws,x8g.xlarge
aws,x8g.2xlarge
aws,x8g.4xlarge
aws,x8g.8xlarge
aws,x8g.12xlarge
aws,x8g.16xlarge
aws,x8g.24xlarge
aws,x8g.metal-24xl
aws,i8g.large
aws,i8g.xlarge
aws,i8g.2xlarge
aws,i8g.4xlarge
aws,i8g.8xlarge
aws,i8g.12xlarge
aws,i8g.16xlarge
aws,i8g.24xlarge
aws,i8g.metal-24xl
gcp,c4a-standard-1
gcp,c4a-standard-2
gcp,c4a-standard-4
gcp,c4a-standard-8
gcp,c4a-standard-16
gcp,c4a-standard-32
gcp,c4a-standard-48
gcp,c4a-standard-64
gcp,c4a-standard-72
gcp,c4a-highcpu-1
gcp,c4a-highcpu-2
gcp,c4a-highcpu-4
gcp,c4a-highcpu-8
gcp,c4a-highcpu-16
gcp,c4a-highcpu-32
gcp,c4a-highcpu-48
gcp,c4a-highcpu-64
gcp,c4a-highcpu-72
gcp,c4a-highmem-1
gcp,c4a-highmem-2
gcp,c4a-highmem-4
gcp,c4a-highmem-8
gcp,c4a-highmem-16
gcp,c4a-highmem-32
gcp,c4a-highmem-48
gcp,c4a-highmem-64
gcp,c4a-highmem-72
gcp,c4a-standard-4-lssd
gcp,c4a-standard-8-lssd
gcp,c4a-standard-16-lssd
gcp,c4a-standard-32-lssd
gcp,c4a-standard-48-lssd
gcp,c4a-standard-64-lssd
gcp,c4a-standard-72-lssd
gcp,c4a-highmem-4-lssd
gcp,c4a-highmem-8-lssd
gcp,c4a-highmem-16-lssd
gcp,c4a-highmem-32-lssd
gcp,c4a-highmem-48-lssd
gcp,c4a-highmem-64-lssd
gcp,c4a-highmem-72-lssd
gcp,c4-standard-2
gcp,c4-standard-4
gcp,c4-standard-8
gcp,c4-standard-16
gcp,c4-standard-32
gcp,c4-standard-48
gcp,c4-standard-96
gcp,c4-standard-192
gcp,c4-highcpu-2
gcp,c4-highcpu-4
gcp,c4-highcpu-8
gcp,c4-highcpu-16
gcp,c4-highcpu-32
gcp,c4-highcpu-48
gcp,c4-highcpu-96
gcp,c4-highcpu-192
gcp,c4-highmem-2
gcp,c4-highmem-4
gcp,c4-highmem-8
gcp,c4-highmem-16
gcp,c4-highmem-32
gcp,c4-highmem-48
gcp,c4-highmem-96
gcp,c4-highmem-192
gcp,n4-standard-2
gcp,n4-standard-4
gcp,n4-standard-8
gcp,n4-standard-16
gcp,n4-standard-32
gcp,n4-standard-48
gcp,n4-standard-64
gcp,n4-standard-80
gcp,n4-highcpu-2
gcp,n4-highcpu-4
gcp,n4-highcpu-8
gcp,n4-highcpu-16
gcp,n4-highcpu-32
gcp,n4-highcpu-48
gcp,n4-highcpu-64
gcp,n4-highcpu-80
gcp,n4-highmem-2
gcp,n4-highmem-4
gcp,n4-highmem-8
gcp,n4-highmem-16
gcp,n4-highmem-32
gcp,n4-highmem-48
gcp,n4-highmem-64
gcp,n4-highmem-80
gcp,c3d-standard-4
gcp,c3d-standard-8
gcp,c3d-standard-16
gcp,c3d-standard-30
gcp,c3d-standard-60
gcp,c3d-standard-90
gcp,c3d-standard-180
gcp,c3d-standard-360
gcp,c3d-highcpu-4
gcp,c3d-highcpu-8
gcp,c3d-highcpu-16
gcp,c3d-highcpu-30
gcp,c3d-highcpu-60
gcp,c3d-highcpu-90
gcp,c3d-highcpu-180
gcp,c3d-highcpu-360
gcp,c3d-highmem-4
gcp,c3d-highmem-8
gcp,c3d-highmem-16
gcp,c3d-highmem-30
gcp,c3d-highmem-60
gcp,c3d-highmem-90
gcp,c3d-highmem-180
gcp,c3d-highmem-360
gcp,c3d-standard-8-lssd
gcp,c3d-standard-16-lssd
gcp,c3d-standard-30-lssd
gcp,c3d-standard-60-lssd
gcp,c3d-standard-90-lssd
gcp,c3d-standard-180-lssd
gcp,c3d-standard-360-lssd
gcp,c3d-highmem-8-lssd
gcp,c3d-highmem-16-lssd
gcp,c3d-highmem-30-lssd
gcp,c3d-highmem-60-lssd
gcp,c3d-highmem-90-lssd
gcp,c3d-highmem-180-lssd
gcp,c3d-highmem-360-lssd
gcp,c3-standard-4
gcp,c3-standard-8
gcp,c3-standard-22
gcp,c3-standard-44
gcp,c3-standard-88
gcp,c3-standard-176
gcp,c3-standard-192-metal
gcp,c3-highcpu-4
gcp,c3-highcpu-8
gcp,c3-highcpu-22
gcp,c3-highcpu-44
gcp,c3-highcpu-88
gcp,c3-highcpu-176
gcp,c3-highcpu-192-metal
gcp,c3-highmem-4
gcp,c3-highmem-8
gcp,c3-highmem-22
gcp,c3-highmem-44
gcp,c3-highmem-88
gcp,c3-highmem-176
gcp,c3-highmem-192-metal
gcp,c3-standard-4-lssd
gcp,c3-standard-8-lssd
gcp,c3-standard-22-lssd
gcp,c3-standard-44-lssd
gcp,c3-standard-88-lssd
gcp,c3-standard-176-lssd
gcp,n2d-standard-2
gcp,n2d-standard-4
gcp,n2d-standard-8
gcp,n2d-standard-16
gcp,n2d-standard-32
gcp,n2d-standard-48
gcp,n2d-standard-64
gcp,n2d-standard-80
gcp,n2d-standard-96
gcp,n2d-standard-128
gcp,n2d-standard-224
gcp,n2d-highmem-2
gcp,n2d-highmem-4
gcp,n2d-highmem-8
gcp,n2d-highmem-16
gcp,n2d-highmem-32
gcp,n2d-highmem-48
gcp,n2d-highmem-64
gcp,n2d-highmem-80
gcp,n2d-highmem-96
gcp,n2d-highcpu-2
gcp,n2d-highcpu-4
gcp,n2d-highcpu-8
gcp,n2d-highcpu-16
gcp,n2d-highcpu-32
gcp,n2d-highcpu-48
gcp,n2d-highcpu-64
gcp,n2d-highcpu-80
gcp,n2d-highcpu-96
gcp,n2d-highcpu-128
gcp,n2d-highcpu-224
gcp,n2-standard-2
gcp,n2-standard-4
gcp,n2-standard-8
gcp,n2-standard-16
gcp,n2-standard-32
gcp,n2-standard-48
gcp,n2-standard-64
gcp,n2-standard-80
gcp,n2-standard-96
gcp,n2-standard-128
gcp,n2-highmem-2
gcp,n2-highmem-4
gcp,n2-highmem-8
gcp,n2-highmem-16
gcp,n2-highmem-32
gcp,n2-highmem-48
gcp,n2-highmem-64
gcp,n2-highmem-80
gcp,n2-highmem-96
gcp,n2-highmem-128
gcp,n2-highcpu-2
gcp,n2-highcpu-4
gcp,n2-highcpu-8
gcp,n2-highcpu-16
gcp,n2-highcpu-32
gcp,n2-highcpu-48
gcp,n2-highcpu-64
gcp,n2-highcpu-80
gcp,n2-highcpu-96
gcp,e2-standard-2
gcp,e2-standard-4
gcp,e2-standard-8
gcp,e2-standard-16
gcp,e2-standard-32
gcp,e2-highmem-2
gcp,e2-highmem-4
gcp,e2-highmem-8
gcp,e2-highmem-16
gcp,e2-highcpu-2
gcp,e2-highcpu-4
gcp,e2-highcpu-8
gcp,e2-highcpu-16
gcp,e2-highcpu-32
gcp,e2-micro
gcp,e2-small
gcp,e2-medium
gcp,n1-standard-1
gcp,n1-standard-2
gcp,n1-standard-4
gcp,n1-standard-8
gcp,n1-standard-16
gcp,n1-standard-32
gcp,n1-standard-64
gcp,n1-standard-96
gcp,n1-highmem-2
gcp,n1-highmem-4
gcp,n1-highmem-8
gcp,n1-highmem-16
gcp,n1-highmem-32
gcp,n1-highmem-64
gcp,n1-highmem-96
gcp,n1-highcpu-2
gcp,n1-highcpu-4
gcp,n1-highcpu-8
gcp,n1-highcpu-16
gcp,n1-highcpu-32
gcp,n1-highcpu-64
gcp,n1-highcpu-96
gcp,f1-micro
gcp,g1-small
gcp,t2a-standard-1
gcp,t2a-standard-2
gcp,t2a-standard-4
gcp,t2a-standard-8
gcp,t2a-standard-16
gcp,t2a-standard-32
gcp,t2a-standard-48
gcp,t2d-standard-1
gcp,t2d-standard-2
gcp,t2d-standard-4
gcp,t2d-standard-8
gcp,t2d-standard-16
gcp,t2d-standard-32
gcp,t2d-standard-48
gcp,t2d-standard-60
gcp,z3-highmem-88
gcp,z3-highmem-176
gcp,h3-standard-88
gcp,c2d-standard-2
gcp,c2d-standard-4
gcp,c2d-standard-8
gcp,c2d-standard-16
gcp,c2d-standard-32
gcp,c2d-standard-56
gcp,c2d-standard-112
gcp,c2d-highcpu-2
gcp,c2d-highcpu-4
gcp,c2d-highcpu-8
gcp,c2d-highcpu-16
gcp,c2d-highcpu-32
gcp,c2d-highcpu-56
gcp,c2d-highcpu-112
gcp,c2d-highmem-2
gcp,c2d-highmem-4
gcp,c2d-highmem-8
gcp,c2d-highmem-16
gcp,c2d-highmem-32
gcp,c2d-highmem-56
gcp,c2d-highmem-112
gcp,c2-standard-4
gcp,c2-standard-8
gcp,c2-standard-16
gcp,c2-standard-30
gcp,c2-standard-60
gcp,x4-megamem-960-metal
gcp,x4-megamem-1440-metal
gcp,x4-megamem-1920-metal
gcp,m3-ultramem-32
gcp,m3-ultramem-64
gcp,m3-ultramem-128
gcp,m3-megamem-64
gcp,m3-megamem-128
gcp,m2-ultramem-208
gcp,m2-ultramem-416
gcp,m2-megamem-416
gcp,m2-hypermem-416
gcp,m1-ultramem-40
gcp,m1-ultramem-80
gcp,m1-ultramem-160
gcp,m1-megamem-96
gcp,a3-ultragpu-8g
gcp,a3-megagpu-8g
gcp,a3-highgpu-1g
gcp,a3-highgpu-2g
gcp,a3-highgpu-4g
gcp,a3-highgpu-8g
gcp,a3-edgegpu-8g
gcp,a2-ultragpu-1g
gcp,a2-ultragpu-2g
gcp,a2-ultragpu-4g
gcp,a2-ultragpu-8g
gcp,a2-highgpu-1g
gcp,a2-highgpu-2g
gcp,a2-highgpu-4g
gcp,a2-highgpu-8g
gcp,a2-highgpu-16g
gcp,g2-standard-4
gcp,g2-standard-8
gcp,g2-standard-12
gcp,g2-standard-16
gcp,g2-standard-24
gcp,g2-standard-32
gcp,g2-standard-48
gcp,g2-standard-96
azure,d2ads_v5
azure,d4ads_v5
azure,d8ads_v5
azure,d16ads_v5
azure,d32ads_v5
azure,d48ads_v5
azure,d64ads_v5
azure,d96ads_v5
azure,d2as_v4
azure,d4as_v4
azure,d8as_v4
azure,d16as_v4
azure,d32as_v4
azure,d48as_v4
azure,d64as_v4
azure,d96as_v4
azure,standard_d16as_v4
azure,standard_d2as_v4
azure,standard_d32as_v4
azure,standard_d48as_v4
azure,standard_d4as_v4
azure,standard_d64as_v4
azure,standard_d8as_v4
azure,standard_d96as_v4
azure,d2as_v4
azure,d4as_v4
azure,d8as_v4
azure,d16as_v4
azure,d32as_v4
azure,d48as_v4
azure,d64as_v4
azure,d96as_v4
azure,d2as_v5
azure,d4as_v5
azure,d8as_v5
azure,d16as_v5
azure,d32as_v5
azure,d48as_v5
azure,d64as_v5
azure,d96as_v5
azure,standard_dc1s_v2
azure,standard_dc2s_v2
azure,standard_dc4s_v2
azure,dc8_v2
azure,dc2ads_v5
azure,dc4ads_v5
azure,dc8ads_v5
azure,dc16ads_v5
azure,dc32ads_v5
azure,dc48ads_v5
azure,dc64ads_v5
azure,dc96ads_v5
azure,dc2as_v5
azure,dc4as_v5
azure,dc8as_v5
azure,dc16as_v5
azure,dc32as_v5
azure,dc48as_v5
azure,dc64as_v5
azure,dc96as_v5
azure,dc16ds_v3
azure,dc24ds_v3
azure,dc32ds_v3
azure,dc48ds_v3
azure,dc1s_v3
azure,dc2s_v3
azure,dc4s_v3
azure,dc8s_v3
azure,dc16s_v3
azure,dc24s_v3
azure,d2ds_v4
azure,d4ds_v4
azure,d8ds_v4
azure,d16ds_v4
azure,d32ds_v4
azure,d48ds_v4
azure,d64ds_v4
azure,e2bds_v5
azure,e4bds_v5
azure,e8bds_v5
azure,e16bds_v5
azure,e32bds_v5
azure,e48bds_v5
azure,e64bds_v5
azure,e2bs_v5
azure,e4bs_v5
azure,e8bs_v5
azure,e16bs_v5
azure,e32bs_v5
azure,e48bs_v5
azure,e64bs_v5
azure,ec2ads_v5
azure,ec4ads_v5
azure,ec8ads_v5
azure,ec16ads_v5
azure,ec20ads_v5
azure,ec32ads_v5
azure,ec48ads_v5
azure,ec64ads_v5
azure,ec96ads_v5
azure,ec2as_v5
azure,ec4as_v5
azure,ec8as_v5
azure,ec16as_v5
azure,ec20as_v5
azure,ec32as_v5
azure,ec48as_v5
azure,ec64as_v5
azure,ec96as_v5
azure,standard_a1_v2
azure,standard_a2_v2
azure,standard_a2m_v2
azure,standard_a4_v2
azure,standard_a8_v2
azure,standard_a8m_v2
azure,standard_b12ms
azure,standard_b16ms
azure,standard_b1ls
azure,standard_b1ms
azure,standard_b1s
azure,standard_b20ms
azure,standard_b2ms
azure,standard_b2s
azure,standard_b4ms
azure,standard_b8ms
azure,standard_d16ds_v4
azure,standard_d2ds_v4
azure,standard_d32ds_v4
azure,standard_d48ds_v4
azure,standard_d4ds_v4
azure,standard_d64ds_v4
azure,standard_d8ds_v4
azure,d2ds_v4
azure,d4ds_v4
azure,d8ds_v4
azure,d16ds_v4
azure,d32ds_v4
azure,d48ds_v4
azure,d64ds_v4
azure,standard_d16ds_v5
azure,standard_d2ds_v5
azure,standard_d32ds_v5
azure,standard_d48ds_v5
azure,standard_d4ds_v5
azure,standard_d64ds_v5
azure,standard_d8ds_v5
azure,standard_d96ds_v5
azure,d2ds_v5
azure,d4ds_v5
azure,d8ds_v5
azure,d16ds_v5
azure,d32ds_v5
azure,d48ds_v5
azure,d64ds_v5
azure,d96ds_v5
azure,d2s_v3
azure,d4s_v3
azure,d8s_v3
azure,d16s_v3
azure,d32s_v3
azure,d48s_v3
azure,d64s_v3
azure,standard_d16s_v3
azure,standard_d2s_v3
azure,standard_d32s_v3
azure,standard_d48s_v3
azure,standard_d4s_v3
azure,standard_d64s_v3
azure,standard_d8s_v3
azure,d2s_v3
azure,d4s_v3
azure,d8s_v3
azure,d16s_v3
azure,d32s_v3
azure,d48s_v3
azure,d64s_v3
azure,d2s_v4
azure,d4s_v4
azure,d8s_v4
azure,d16s_v4
azure,d32s_v4
azure,d48s_v4
azure,d64s_v4
azure,standard_d16s_v4
azure,standard_d2s_v4
azure,standard_d32s_v4
azure,standard_d48s_v4
azure,standard_d4s_v4
azure,standard_d64s_v4
azure,standard_d8s_v4
azure,d2s_v4
azure,d4s_v4
azure,d8s_v4
azure,d16s_v4
azure,d32s_v4
azure,d48s_v4
azure,d64s_v4
azure,standard_d16s_v5
azure,standard_d2s_v5
azure,standard_d32s_v5
azure,standard_d48s_v5
azure,standard_d4s_v5
azure,standard_d64s_v5
azure,standard_d8s_v5
azure,standard_d96s_v5
azure,d2s_v5
azure,d4s_v5
azure,d8s_v5
azure,d16s_v5
azure,d32s_v5
azure,d48s_v5
azure,d64s_v5
azure,d96s_v5
azure,e2ads_v5
azure,e4ads_v5
azure,e8ads_v5
azure,e16ads_v5
azure,e20ads_v5
azure,e32ads_v5
azure,e48ads_v5
azure,e64ads_v5
azure,e96ads_v5
azure,e2as_v4
azure,e4as_v4
azure,e8as_v4
azure,e16as_v4
azure,e20as_v4
azure,e32as_v4
azure,e48as_v4
azure,e64as_v4
azure,e96as_v4
azure,standard_e16as_v4
azure,standard_e20as_v4
azure,standard_e2as_v4
azure,standard_e32as_v4
azure,standard_e48as_v4
azure,standard_e4as_v4
azure,standard_e64as_v4
azure,standard_e8as_v4
azure,standard_e96as_v4
azure,e2as_v4
azure,e4as_v4
azure,e8as_v4
azure,e16as_v4
azure,e20as_v4
azure,e32as_v4
azure,e48as_v4
azure,e64as_v4
azure,e96as_v4
azure,e2as_v5
azure,e4as_v5
azure,e8as_v5
azure,e16as_v5
azure,e20as_v5
azure,e32as_v5
azure,e48as_v5
azure,e64as_v5
azure,e96as_v5
azure,e2ds_v4
azure,e4ds_v4
azure,e8ds_v4
azure,e16ds_v4
azure,e20ds_v4
azure,e32ds_v4
azure,e48ds_v4
azure,e64ds_v4
azure,standard_e16ds_v4
azure,standard_e20ds_v4
azure,standard_e2ds_v4
azure,standard_e32ds_v4
azure,standard_e48ds_v4
azure,standard_e4ds_v4
azure,standard_e64ds_v4
azure,standard_e80ids_v4
azure,standard_e8ds_v4
azure,e2ds_v4
azure,e4ds_v4
azure,e8ds_v4
azure,e16ds_v4
azure,e20ds_v4
azure,e32ds_v4
azure,e48ds_v4
azure,e64ds_v4
azure,standard_e104ids_v5
azure,standard_e16ds_v5
azure,standard_e20ds_v5
azure,standard_e2ds_v5
azure,standard_e32ds_v5
azure,standard_e48ds_v5
azure,standard_e4ds_v5
azure,standard_e64ds_v5
azure,standard_e8ds_v5
azure,standard_e96ds_v5
azure,e2ds_v5
azure,e4ds_v5
azure,e8ds_v5
azure,e16ds_v5
azure,e20ds_v5
azure,e32ds_v5
azure,e48ds_v5
azure,e64ds_v5
azure,e2s_v3
azure,e4s_v3
azure,e8s_v3
azure,e16s_v3
azure,e20s_v3
azure,e32s_v3
azure,e48s_v3
azure,e64s_v3
azure,standard_e16s_v3
azure,standard_e20s_v3
azure,standard_e2s_v3
azure,standard_e32s_v3
azure,standard_e48s_v3
azure,standard_e4s_v3
azure,standard_e64s_v3
azure,standard_e8s_v3
azure,e2s_v3
azure,e4s_v3
azure,e8s_v3
azure,e16s_v3
azure,e20s_v3
azure,e32s_v3
azure,e48s_v3
azure,e64s_v3
azure,e2s_v4
azure,e4s_v4
azure,e8s_v4
azure,e16s_v4
azure,e20s_v4
azure,e32s_v4
azure,e48s_v4
azure,e64s_v4
azure,standard_e16s_v4
azure,standard_e20s_v4
azure,standard_e2s_v4
azure,standard_e32s_v4
azure,standard_e48s_v4
azure,standard_e4s_v4
azure,standard_e64s_v4
azure,standard_e80is_v4
azure,standard_e8s_v4
azure,e2s_v4
azure,e4s_v4
azure,e8s_v4
azure,e16s_v4
azure,e20s_v4
azure,e32s_v4
azure,e48s_v4
azure,e64s_v4
azure,standard_e104is_v5
azure,standard_e16s_v5
azure,standard_e20s_v5
azure,standard_e2s_v5
azure,standard_e32s_v5
azure,standard_e48s_v5
azure,standard_e4s_v5
azure,standard_e64s_v5
azure,standard_e8s_v5
azure,standard_e96s_v5
azure,e2s_v5
azure,e4s_v5
azure,e8s_v5
azure,e16s_v5
azure,e20s_v5
azure,e32s_v5
azure,e48s_v5
azure,e64s_v5
azure,f2s_v2
azure,f4s_v2
azure,f8s_v2
azure,f16s_v2
azure,f32s_v2
azure,f48s_v2
azure,f64s_v2
azure,f72s_v2
azure,standard_f16s_v2
azure,standard_f2s_v2
azure,standard_f32s_v2
azure,standard_f48s_v2
azure,standard_f4s_v2
azure,standard_f64s_v2
azure,standard_f72s_v2
azure,standard_f8s_v2
azure,f2s_v2
azure,f4s_v2
azure,f8s_v2
azure,f16s_v2
azure,f32s_v2
azure,f48s_v2
azure,f64s_v2
azure,f72s_v2
azure,standard_f16s_v2
azure,standard_f2s_v2
azure,standard_f32s_v2
azure,standard_f48s_v2
azure,standard_f4s_v2
azure,standard_f64s_v2
azure,standard_f72s_v2
azure,standard_f8s_v2
azure,f2s_v2
azure,f4s_v2
azure,f8s_v2
azure,f16s_v2
azure,f32s_v2
azure,f48s_v2
azure,f64s_v2
azure,f72s_v2
azure,standard_fx12mds
azure,standard_fx24mds
azure,standard_fx36mds
azure,standard_fx48mds
azure,standard_fx4mds
azure,fx4mds
azure,fx12mds
azure,fx24mds
azure,fx36mds
azure,fx48mds
azure,standard_l16s_v2
azure,standard_l32s_v2
azure,standard_l48s_v2
azure,standard_l64s_v2
azure,standard_l80s_v2
azure,standard_l8s_v2
azure,l8s_v2
azure,l16s_v2
azure,l32s_v2
azure,l48s_v2
azure,l64s_v2
azure,l80s_v2
azure,l8as_v3
azure,l16as_v3
azure,l32as_v3
azure,l48as_v3
azure,l64as_v3
azure,l80as_v3
azure,l8s_v3
azure,l16s_v3
azure,l32s_v3
azure,l48s_v3
azure,l64s_v3
azure,l80s_v3
azure,m32dms_v2
azure,m64ds_v2
azure,m64dms_v2
azure,m128ds_v2
azure,m128dms_v2
azure,m32dms_v2
azure,m64ds_v2
azure,m64dms_v2
azure,m128ds_v2
azure,m32ms_v2
azure,m64s_v2
azure,m64ms_v2
azure,m128ms_v2
azure,m128s_v2
azure,m32ls
azure,m32ts
azure,m64s
azure,m64ls
azure,m128s
azure,m8ms
azure,m8-2ms
azure,m16ms
azure,m16-4ms
azure,m32ts
azure,m32ls
azure,m32ms
azure,m32-16ms
azure,m64ms
azure,m64s
azure,m64m
azure,m64ls
azure,m64-16ms
azure,m128ms
azure,m128s
azure,m128m
azure,m128-32ms
azure,m208ms_v2
azure,m208s_v2
azure,m416ms_v2
azure,m416s_v2
azure,m208ms_v2
azure,m208s_v2
azure,m416s_v2
azure,m32ms_v2
azure,m64s_v2
azure,m64ms_v2
azure,m128s_v2
azure,nv4as_v4
azure,nv8as_v4
azure,nv16as_v4
azure,nv32as_v4
azure,nv12s_v3
azure,nv24s_v3
azure,nv48s_v3
